dataset,count,mean,mean_std,std,std_std,p01,p01_std,p50,p50_std,p99,p99_std,edge_mean,edge_mean_std,edge_p90,edge_p90_std,entropy,entropy_std
ann_arbor,41,0.5190904940046915,0.1024097093720585,0.28888955530596944,0.02874989874594971,0.0,0.0,0.5574319722448907,0.18009936939354598,0.9999842818190412,9.941050500910606e-05,0.034528058067691034,0.007200510623526174,0.08952529501260781,0.021541429712327566,5.5220482514799825,0.262457083377898
kust4k,283,0.49709196225493196,0.05383738913852761,0.2841888533990712,0.030793689094665518,3.0757123423417762e-06,5.1649993305121125e-05,0.5026618810930016,0.09367155545615094,0.9999970574682256,4.941351125589204e-05,0.029497067664516267,0.007314960337672162,0.06982500419389233,0.021615737931689645,5.826709573946005,0.0961716246197687
caltech_cart,222,0.46922518527722573,0.12575499757585215,0.23314687495564554,0.04773295288495479,4.058557212235289e-06,6.0334790532015156e-05,0.4688581416534411,0.1813293563562693,0.9999762561407175,0.00015758541472994265,0.025650925074309647,0.013129101786237544,0.05186054587095707,0.030791349802018027,5.413655888951098,0.35887739084767334
