dataset,count,mean,mean_std,std,std_std,p01,p01_std,p50,p50_std,p99,p99_std,edge_mean,edge_mean_std,edge_p90,edge_p90_std,entropy,entropy_std
ann_arbor,41,0.5208212660580147,0.099571505443074,0.2751352492629028,0.03171086468783406,0.029459589547136934,0.020259325052941788,0.556001925613822,0.1727869169932395,0.9790349122954578,0.014329210376013674,0.032978617109176586,0.0061296200629107995,0.0849259795575607,0.018646927680363412,5.515994087095912,0.25845545460780844
kust4k,283,0.49685009829568355,0.08786630965726341,0.277365823305959,0.06071292335576655,0.03618624102811299,0.05941218337124116,0.5121596484533889,0.13166036973381331,0.9298427266072048,0.09774954242117992,0.028361277045951927,0.008541225290983615,0.06867259014858584,0.025636368113549392,5.637199304805804,0.2423919422463049
caltech_cart,222,0.5003579027682274,0.207194506487693,0.20230220313611869,0.07350000679277821,0.1127904992852662,0.11900373606028011,0.502040286758193,0.2590861168501844,0.8960807075438736,0.16620904500505088,0.021453841436268377,0.011261947537337584,0.04299125906818353,0.027121412012657532,4.974570507102751,0.6624152434106364
