dataset,count,mean,mean_std,std,std_std,p01,p01_std,p50,p50_std,p99,p99_std,edge_mean,edge_mean_std,edge_p90,edge_p90_std,entropy,entropy_std
ann_arbor,41,0.5208212660580147,0.099571505443074,0.2751352492629028,0.03171086468783406,0.029459589547136934,0.020259325052941788,0.556001925613822,0.1727869169932395,0.9790349122954578,0.014329210376013674,0.032978617109176586,0.0061296200629107995,0.0849259795575607,0.018646927680363412,5.515994087095912,0.25845545460780844
kust4k,283,0.43147910331036937,0.05722261490479642,0.17953403636339274,0.04352259180783698,0.12042112024533876,0.04450494505160763,0.43546041393448526,0.07676024211418772,0.7444857069333956,0.0913485412617917,0.01960220094934738,0.005804436904939216,0.045456169189575915,0.01688275072949857,5.210632384473233,0.3400413968845551
caltech_cart,222,0.4093504127047889,0.15459437634811327,0.15112298580205386,0.0573016134878161,0.11275728981572765,0.09906532146388175,0.4078078190754126,0.18429155131705335,0.7435091097612638,0.1580865363483592,0.01660019201478241,0.007709831179978475,0.0318926843533477,0.018131872641471505,4.807391355849293,0.5558550551851883
